Date;Pret EURO/LEI;Price Aur/EURO
Jan 01, 2018;4.6688;1084.29
Jan 02, 2018;4.64;1092.13
Jan 03, 2018;4.6234;1092.47
Jan 04, 2018;4.6325;1095.63
Jan 05, 2018;4.6315;1096.92
Jan 08, 2018;4.6502;1102.86
Jan 09, 2018;4.6468;1099.3
Jan 10, 2018;4.6395;1101.72
Jan 11, 2018;4.6411;1098.67
Jan 12, 2018;4.6326;1097.99
Jan 15, 2018;4.6381;1092.26
Jan 16, 2018;4.6563;1091.25
Jan 17, 2018;4.6481;1087.84
Jan 18, 2018;4.6535;1083.75
Jan 19, 2018;4.6613;1089.27
Jan 22, 2018;4.667;1087.43
Jan 23, 2018;4.6673;1090.08
Jan 24, 2018;4.6651;1094.27
Jan 25, 2018;4.6751;1087.27
Jan 26, 2018;4.6646;1086.5
Jan 29, 2018;4.6546;1082.05
Jan 30, 2018;4.6521;1078.93
Jan 31, 2018;4.6532;1082.43
Feb 01, 2018;4.6535;1077.73
Feb 02, 2018;4.6456;1069.5
Feb 05, 2018;4.6384;1082.55
Feb 06, 2018;4.6512;1069.77
Feb 07, 2018;4.6563;1074.92
Feb 08, 2018;4.6542;1076.51
Feb 09, 2018;4.6575;1075.64
Feb 12, 2018;4.6553;1075.55
Feb 13, 2018;4.6604;1075.81
Feb 14, 2018;4.6605;1084.19
Feb 15, 2018;4.6633;1081.79
Feb 16, 2018;4.6604;1086.21
Feb 19, 2018;4.6615;1085.03
Feb 20, 2018;4.6605;1077.07
Feb 21, 2018;4.6599;1077.8
Feb 22, 2018;4.6557;1079.76
Feb 23, 2018;4.6524;1080.91
Feb 26, 2018;4.6582;1082.07
Feb 27, 2018;4.6629;1077.41
Feb 28, 2018;4.6565;1080.47
Mar 01, 2018;4.6584;1073.21
Mar 02, 2018;4.6594;1073.36
Mar 05, 2018;4.656;1069.99
Mar 06, 2018;4.6611;1075.52
Mar 07, 2018;4.6216;1067.57
Mar 08, 2018;4.6569;1072.98
Mar 09, 2018;4.6583;1075.34
Mar 12, 2018;4.6611;1072.2
Mar 13, 2018;4.6684;1070.06
Mar 14, 2018;4.6617;1070.9
Mar 15, 2018;4.6665;1069.37
Mar 16, 2018;4.67;1068.26
Mar 19, 2018;4.6662;1067.16
Mar 20, 2018;4.666;1070.57
Mar 21, 2018;4.6681;1079.25
Mar 22, 2018;4.6681;1079.8
Mar 23, 2018;4.6626;1090.05
Mar 26, 2018;4.6528;1087.41
Mar 27, 2018;4.653;1083.68
Mar 28, 2018;4.6536;1076
Mar 29, 2018;4.6591;1076.34
Mar 30, 2018;4.6535;1074.33
Apr 02, 2018;4.6607;1089.86
Apr 03, 2018;4.6601;1085.85
Apr 04, 2018;4.6627;1085.56
Apr 05, 2018;4.6625;1083.28
Apr 06, 2018;4.6633;1084.97
Apr 09, 2018;4.6631;1084.22
Apr 10, 2018;4.6563;1083.59
Apr 11, 2018;4.6624;1093.79
Apr 12, 2018;4.6612;1082.8
Apr 13, 2018;4.6605;1090.58
Apr 16, 2018;4.6422;1086.78
Apr 17, 2018;4.6448;1088.76
Apr 18, 2018;4.6532;1090.04
Apr 19, 2018;4.658;1089.39
Apr 20, 2018;4.6582;1086.02
Apr 23, 2018;4.6585;1084.27
Apr 24, 2018;4.6529;1087.27
Apr 25, 2018;4.6466;1087.68
Apr 26, 2018;4.6586;1087.79
Apr 27, 2018;4.6615;1089.59
Apr 30, 2018;4.6604;1088.53
May 01, 2018;4.6712;1086.88
May 02, 2018;4.6634;1091.32
May 03, 2018;4.6672;1093.61
May 04, 2018;4.6589;1099.02
May 07, 2018;4.6555;1101.91
May 08, 2018;4.6517;1107.43
May 09, 2018;4.647;1107.42
May 10, 2018;4.638;1108.51
May 11, 2018;4.6361;1103.03
May 14, 2018;4.6255;1100.19
May 15, 2018;4.6365;1090
May 16, 2018;4.6333;1092.67
May 17, 2018;4.6348;1093.59
May 18, 2018;4.6357;1096.35
May 21, 2018;4.6241;1095.81
May 22, 2018;4.6277;1095.86
May 23, 2018;4.6258;1105.41
May 24, 2018;4.6295;1113.03
May 25, 2018;4.6281;1116.5
May 28, 2018;4.6386;1116.3
May 29, 2018;4.6442;1124.55
May 30, 2018;4.6511;1115.33
May 31, 2018;4.6607;1109.54
Jun 01, 2018;4.6651;1108.6
Jun 04, 2018;4.6568;1104.1
Jun 05, 2018;4.6509;1105.99
Jun 06, 2018;4.6553;1100.73
Jun 07, 2018;4.6555;1098.21
Jun 08, 2018;4.6586;1102.8
Jun 11, 2018;4.6623;1102.78
Jun 12, 2018;4.6617;1102.89
Jun 13, 2018;4.6658;1101.76
Jun 14, 2018;4.6655;1125.08
Jun 15, 2018;4.6645;1101.54
Jun 18, 2018;4.6685;1099.37
Jun 19, 2018;4.6703;1099.31
Jun 20, 2018;4.6716;1095.24
Jun 21, 2018;4.67;1091.61
Jun 22, 2018;4.6615;1087.99
Jun 25, 2018;4.6673;1080.64
Jun 26, 2018;4.6587;1080.47
Jun 27, 2018;4.6524;1083.18
Jun 28, 2018;4.6597;1078.43
Jun 29, 2018;4.6642;1071.49
Jul 02, 2018;4.6624;1066.65
Jul 03, 2018;4.6579;1074.22
Jul 04, 2018;4.663;1077.54
Jul 05, 2018;4.6629;1075.28
Jul 06, 2018;4.6627;1067.5
Jul 09, 2018;4.6584;1069.79
Jul 10, 2018;4.6571;1068.64
Jul 11, 2018;4.6593;1063.51
Jul 12, 2018;4.6589;1067.99
Jul 13, 2018;4.6517;1061.95
Jul 16, 2018;4.6562;1058.98
Jul 17, 2018;4.6508;1052.24
Jul 18, 2018;4.6543;1053.63
Jul 19, 2018;4.6531;1049.72
Jul 20, 2018;4.6531;1050.48
Jul 23, 2018;4.6467;1046.82
Jul 24, 2018;4.6307;1047.36
Jul 25, 2018;4.6219;1049.67
Jul 26, 2018;4.6376;1049.7
Jul 27, 2018;4.625;1049.04
Jul 30, 2018;4.6258;1043.13
Jul 31, 2018;4.6226;1046.37
Aug 01, 2018;4.6195;1042.27
Aug 02, 2018;4.621;1041.97
Aug 03, 2018;4.6181;1048.61
Aug 06, 2018;4.6416;1043.88
Aug 07, 2018;4.6455;1043.57
Aug 08, 2018;4.6409;1044.78
Aug 09, 2018;4.6549;1051.33
Aug 10, 2018;4.6557;1061.03
Aug 13, 2018;4.6592;1045.78
Aug 14, 2018;4.6557;1052.03
Aug 15, 2018;4.6655;1034.88
Aug 16, 2018;4.657;1031.34
Aug 17, 2018;4.654;1035.45
Aug 20, 2018;4.6473;1036.46
Aug 21, 2018;4.6437;1033.07
Aug 22, 2018;4.6452;1030.44
Aug 23, 2018;4.6334;1026.79
Aug 24, 2018;4.6369;1037.12
Aug 27, 2018;4.6463;1036.89
Aug 28, 2018;4.6433;1026.5
Aug 29, 2018;4.6305;1029.97
Aug 30, 2018;4.6479;1027.77
Aug 31, 2018;4.6403;1034.65
Sep 03, 2018;4.6317;1032.6
Sep 04, 2018;4.629;1028.2
Sep 05, 2018;4.6354;1028.54
Sep 06, 2018;4.6389;1032.24
Sep 07, 2018;4.6391;1034.5
Sep 10, 2018;4.6275;1030.9
Sep 11, 2018;4.6331;1031.57
Sep 12, 2018;4.6353;1036.68
Sep 13, 2018;4.6402;1026.94
Sep 14, 2018;4.6414;1025.8
Sep 17, 2018;4.6452;1027.79
Sep 18, 2018;4.6472;1026.23
Sep 19, 2018;4.6507;1030.99
Sep 20, 2018;4.654;1024.59
Sep 21, 2018;4.6547;1020.42
Sep 24, 2018;4.6573;1019.98
Sep 25, 2018;4.6601;1020.03
Sep 26, 2018;4.6595;1017.09
Sep 27, 2018;4.6624;1015.56
Sep 28, 2018;4.655;1026.43
Oct 01, 2018;4.6643;1025.67
Oct 02, 2018;4.6675;1041.28
Oct 03, 2018;4.6654;1042.61
Oct 04, 2018;4.672;1041.48
Oct 05, 2018;4.6726;1043.35
Oct 08, 2018;4.6688;1033.25
Oct 09, 2018;4.6605;1034.78
Oct 10, 2018;4.667;1036.59
Oct 11, 2018;4.6654;1055.39
Oct 12, 2018;4.6662;1052.86
Oct 15, 2018;4.6636;1059.1
Oct 16, 2018;4.6663;1057.39
Oct 17, 2018;4.6662;1062.04
Oct 18, 2018;4.6704;1069.5
Oct 19, 2018;4.6678;1064.48
Oct 22, 2018;4.6665;1065.26
Oct 23, 2018;4.6651;1072.14
Oct 24, 2018;4.6603;1082.09
Oct 25, 2018;4.6616;1082.53
Oct 26, 2018;4.6617;1081.06
Oct 29, 2018;4.6673;1080.51
Oct 30, 2018;4.6644;1077.8
Oct 31, 2018;4.6635;1073.08
Nov 01, 2018;4.6634;1080.36
Nov 02, 2018;4.6589;1082.17
Nov 05, 2018;4.6609;1079.01
Nov 06, 2018;4.6617;1072.62
Nov 07, 2018;4.6611;1072.65
Nov 08, 2018;4.6569;1075.99
Nov 09, 2018;4.6581;1066.51
Nov 12, 2018;4.6555;1069.62
Nov 13, 2018;4.6593;1064.14
Nov 14, 2018;4.6589;1070.32
Nov 15, 2018;4.6626;1070.58
Nov 16, 2018;4.6666;1069.3
Nov 19, 2018;4.6659;1068.02
Nov 20, 2018;4.6647;1074.28
Nov 21, 2018;4.6621;1076.46
Nov 22, 2018;4.6606;1075.2
Nov 23, 2018;4.6595;1077.7
Nov 26, 2018;4.6605;1078.31
Nov 27, 2018;4.6541;1075.95
Nov 28, 2018;4.6384;1073.97
Nov 29, 2018;4.6587;1073.39
Nov 30, 2018;4.6535;1079.49
Dec 03, 2018;4.6471;1083.5
Dec 04, 2018;4.6528;1091.23
Dec 05, 2018;4.6546;1090.17
Dec 06, 2018;4.6518;1087.38
Dec 07, 2018;4.6417;1096.45
Dec 10, 2018;4.6532;1094.64
Dec 11, 2018;4.6562;1097.47
Dec 12, 2018;4.6523;1095.22
Dec 13, 2018;4.6537;1092.43
Dec 14, 2018;4.6571;1094.62
Dec 17, 2018;4.6494;1097.43
Dec 18, 2018;4.6444;1099.35
Dec 19, 2018;4.6593;1091.98
Dec 20, 2018;4.6348;1100.1
Dec 21, 2018;4.6378;1104.3
Dec 24, 2018;4.6438;1112.71
Dec 25, 2018;4.6323;1116.24
Dec 26, 2018;4.6439;1115.41
Dec 27, 2018;4.657;1114.41
Dec 28, 2018;4.6624;1119.08
Dec 31, 2018;4.6558;1117.65
Jan 01, 2019;4.6564;1118.24
Jan 02, 2019;4.6582;1131.57
Jan 03, 2019;4.6623;1135.31
Jan 04, 2019;4.6609;1127.34
Jan 07, 2019;4.6605;1122.59
Jan 08, 2019;4.6698;1122.9
Jan 09, 2019;4.6727;1119.8
Jan 10, 2019;4.6788;1118.07
Jan 11, 2019;4.6809;1122.4
Jan 14, 2019;4.6833;1124.49
Jan 15, 2019;4.6817;1129.52
Jan 16, 2019;4.6914;1134.32
Jan 17, 2019;4.6974;1133.03
Jan 18, 2019;4.7041;1127.1
Jan 21, 2019;4.7104;1125.46
Jan 22, 2019;4.7674;1130.97
Jan 23, 2019;4.7675;1126.63
Jan 24, 2019;4.7706;1132.42
Jan 25, 2019;4.7592;1142.2
Jan 28, 2019;4.7749;1139.99
Jan 29, 2019;4.7602;1146.32
Jan 30, 2019;4.747;1148.94
Jan 31, 2019;4.7359;1154.22
Feb 01, 2019;4.7538;1150.23
Feb 04, 2019;4.7523;1146.14
Feb 05, 2019;4.7454;1151.73
Feb 06, 2019;4.7401;1149.35
Feb 07, 2019;4.7472;1154.14
Feb 08, 2019;4.7499;1159.44
Feb 11, 2019;4.7443;1159.46
Feb 12, 2019;4.748;1157.01
Feb 13, 2019;4.7409;1159.49
Feb 14, 2019;4.7378;1161.24
Feb 15, 2019;4.7404;1169.55
Feb 18, 2019;4.7459;1172.24
Feb 19, 2019;4.7477;1182.16
Feb 20, 2019;4.7531;1179.85
Feb 21, 2019;4.7618;1166.88
Feb 22, 2019;4.7629;1170.2
Feb 25, 2019;4.7661;1168.2
Feb 26, 2019;4.7657;1165.49
Feb 27, 2019;4.7408;1160.44
Feb 28, 2019;4.7458;1154.74
Mar 01, 2019;4.7498;1136.59
Mar 04, 2019;4.7396;1134.25
Mar 05, 2019;4.747;1138.43
Mar 06, 2019;4.7448;1136.97
Mar 07, 2019;4.7429;1148.1
Mar 08, 2019;4.7438;1154.51
Mar 11, 2019;4.7465;1149.34
Mar 12, 2019;4.7726;1152.53
Mar 13, 2019;4.7716;1155.45
Mar 14, 2019;4.7583;1146.35
Mar 15, 2019;4.7539;1148.8
Mar 18, 2019;4.7519;1149.72
Mar 19, 2019;4.7575;1150.53
Mar 20, 2019;4.7512;1149.43
Mar 21, 2019;4.752;1150.85
Mar 22, 2019;4.7558;1160.52
Mar 25, 2019;4.7515;1168.18
Mar 26, 2019;4.7497;1167.39
Mar 27, 2019;4.7558;1164.54
Mar 28, 2019;4.7637;1148.72
Mar 29, 2019;4.7705;1151.53
Apr 01, 2019;4.7602;1148.06
Apr 02, 2019;4.7549;1153.28
Apr 03, 2019;4.7507;1147.9
Apr 04, 2019;4.7435;1151.36
Apr 05, 2019;4.7479;1151.19
Apr 08, 2019;4.747;1151.69
Apr 09, 2019;4.7555;1157.62
Apr 10, 2019;4.753;1160.01
Apr 11, 2019;4.7502;1148.25
Apr 12, 2019;4.7563;1141.26
Apr 15, 2019;4.7564;1138.29
Apr 16, 2019;4.756;1131.71
Apr 17, 2019;4.7588;1127
Apr 18, 2019;4.7556;1135.06
Apr 19, 2019;4.755;1133.24
Apr 22, 2019;4.7528;1131.85
Apr 23, 2019;4.7558;1132.71
Apr 24, 2019;4.7525;1143.11
Apr 25, 2019;4.7515;1146.84
Apr 26, 2019;4.7543;1153.23
Apr 29, 2019;4.7569;1143.68
Apr 30, 2019;4.7536;1144.21
May 01, 2019;4.7541;1139.84
May 02, 2019;4.7571;1136.11
May 03, 2019;4.7444;1141.51
May 06, 2019;4.7516;1142.88
May 07, 2019;4.7521;1147.56
May 08, 2019;4.7536;1144.16
May 09, 2019;4.7564;1144.46
May 10, 2019;4.7562;1144.21
May 13, 2019;4.7583;1157.93
May 14, 2019;4.7602;1156.29
May 15, 2019;4.7574;1156.99
May 16, 2019;4.7577;1151.04
May 17, 2019;4.7596;1144.41
May 20, 2019;4.7577;1143.47
May 21, 2019;4.7593;1141.8
May 22, 2019;4.759;1141.8
May 23, 2019;4.7541;1147.89
May 24, 2019;4.755;1146.17
May 27, 2019;4.7605;1147.52
May 28, 2019;4.7582;1146.01
May 29, 2019;4.7551;1149.5
May 30, 2019;4.751;1157.45
May 31, 2019;4.7486;1166.99
Jun 03, 2019;4.7286;1178.27
Jun 04, 2019;4.7289;1177.66
Jun 05, 2019;4.7167;1185.16
Jun 06, 2019;4.717;1183.58
Jun 07, 2019;4.7132;1182.41
Jun 10, 2019;4.7136;1173.17
Jun 11, 2019;4.7173;1170.51
Jun 12, 2019;4.7207;1180.62
Jun 13, 2019;4.7157;1189.82
Jun 14, 2019;4.7198;1196.44
Jun 17, 2019;4.7191;1193.97
Jun 18, 2019;4.7179;1202.64
Jun 19, 2019;4.7258;1211.32
Jun 20, 2019;4.7112;1229.21
Jun 21, 2019;4.7244;1230.6
Jun 24, 2019;4.7168;1244.88
Jun 25, 2019;4.7144;1252.01
Jun 26, 2019;4.7154;1238.55
Jun 27, 2019;4.7195;1239.63
Jun 28, 2019;4.7199;1239.23
Jul 01, 2019;4.7282;1226.35
Jul 02, 2019;4.7303;1256.5
Jul 03, 2019;4.7149;1257.74
Jul 04, 2019;4.7117;1253.93
Jul 05, 2019;4.7199;1246.09
Jul 08, 2019;4.7186;1243.86
Jul 09, 2019;4.725;1246.57
Jul 10, 2019;4.7291;1261
Jul 11, 2019;4.729;1247.09
Jul 12, 2019;4.7275;1255.57
Jul 15, 2019;4.7281;1255.78
Jul 16, 2019;4.7265;1253.72
Jul 17, 2019;4.729;1270.73
Jul 18, 2019;4.7268;1282.03
Jul 19, 2019;4.7207;1269.62
Jul 22, 2019;4.7183;1270.48
Jul 23, 2019;4.7172;1270.65
Jul 24, 2019;4.7166;1279.43
Jul 25, 2019;4.721;1268.75
Jul 26, 2019;4.7158;1274.38
Jul 29, 2019;4.7274;1280.08
Jul 30, 2019;4.7278;1281.71
Jul 31, 2019;4.7256;1276.05
Aug 01, 2019;4.7333;1303.37
Aug 02, 2019;4.7211;1296.28
Aug 05, 2019;4.7272;1306.71
Aug 06, 2019;4.7241;1316.06
Aug 07, 2019;4.7251;1340.07
Aug 08, 2019;4.7206;1341.9
Aug 09, 2019;4.7213;1336.46
Aug 12, 2019;4.7196;1347.44
Aug 13, 2019;4.716;1343.66
Aug 14, 2019;4.7161;1361.03
Aug 15, 2019;4.7214;1370.9
Aug 16, 2019;4.7223;1364.44
Aug 19, 2019;4.726;1349.19
Aug 20, 2019;4.725;1356.87
Aug 21, 2019;4.7198;1354.56
Aug 22, 2019;4.7189;1350.78
Aug 23, 2019;4.7191;1369.72
Aug 26, 2019;4.7255;1375.36
Aug 27, 2019;4.7296;1389.96
Aug 28, 2019;4.7243;1388.78
Aug 29, 2019;4.7225;1381.23
Aug 30, 2019;4.7226;1382.85
Sep 02, 2019;4.7192;1395.02
Sep 03, 2019;4.7248;1409.53
Sep 04, 2019;4.7245;1406.33
Sep 05, 2019;4.7269;1376.4
Sep 06, 2019;4.7277;1365.88
Sep 09, 2019;4.7259;1356.2
Sep 10, 2019;4.7286;1345.16
Sep 11, 2019;4.7327;1359.51
Sep 12, 2019;4.7324;1354.63
Sep 13, 2019;4.7307;1343.73
Sep 16, 2019;4.7304;1361.41
Sep 17, 2019;4.7305;1355.52
Sep 18, 2019;4.7402;1354.31
Sep 19, 2019;4.7418;1357.36
Sep 20, 2019;4.748;1376.28
Sep 23, 2019;4.7449;1384.45
Sep 24, 2019;4.7471;1389.5
Sep 25, 2019;4.7428;1373.65
Sep 26, 2019;4.7456;1377.55
Sep 27, 2019;4.752;1368.09
Sep 30, 2019;4.7412;1350.35
Oct 01, 2019;4.7419;1352.68
Oct 02, 2019;4.7426;1368.33
Oct 03, 2019;4.7454;1372.04
Oct 04, 2019;4.7419;1370.08
Oct 07, 2019;4.743;1360.87
Oct 08, 2019;4.7455;1373.75
Oct 09, 2019;4.7445;1371.8
Oct 10, 2019;4.7587;1356.84
Oct 11, 2019;4.7529;1348.02
Oct 14, 2019;4.7508;1353.67
Oct 15, 2019;4.7518;1341.97
Oct 16, 2019;4.7504;1345.3
Oct 17, 2019;4.7493;1340.73
Oct 18, 2019;4.7527;1333.3
Oct 21, 2019;4.755;1330.9
Oct 22, 2019;4.7576;1336.96
Oct 23, 2019;4.7516;1340.1
Oct 24, 2019;4.7531;1354.09
Oct 25, 2019;4.7497;1357.43
Oct 28, 2019;4.7516;1344.15
Oct 29, 2019;4.7532;1338.52
Oct 30, 2019;4.7548;1341.08
Oct 31, 2019;4.7513;1356.25
Nov 01, 2019;4.7507;1355.65
Nov 04, 2019;4.75;1355.98
Nov 05, 2019;4.7536;1339.51
Nov 06, 2019;4.7571;1346.87
Nov 07, 2019;4.7559;1328.55
Nov 08, 2019;4.7602;1323.18
Nov 11, 2019;4.7606;1319.15
Nov 12, 2019;4.7598;1322.55
Nov 13, 2019;4.7609;1328.94
Nov 14, 2019;4.7638;1334.29
Nov 15, 2019;4.7656;1327.23
Nov 18, 2019;4.7719;1328.7
Nov 19, 2019;4.7728;1328.85
Nov 20, 2019;4.7802;1328.79
Nov 21, 2019;4.7743;1324.03
Nov 22, 2019;4.7735;1325.99
Nov 25, 2019;4.7702;1320.94
Nov 26, 2019;4.7772;1325.52
Nov 27, 2019;4.8022;1321.73
Nov 28, 2019;4.7887;1324.21
Nov 29, 2019;4.7769;1330.59
Dec 02, 2019;4.7725;1319.56
Dec 03, 2019;4.7738;1332.73
Dec 04, 2019;4.7731;1330.49
Dec 05, 2019;4.7762;1329.04
Dec 06, 2019;4.7755;1319.51
Dec 09, 2019;4.7755;1320.62
Dec 10, 2019;4.7759;1319.86
Dec 11, 2019;4.7775;1324.74
Dec 12, 2019;4.7767;1320.16
Dec 13, 2019;4.7749;1326.58
Dec 16, 2019;4.7719;1323.88
Dec 17, 2019;4.7751;1323.64
Dec 18, 2019;4.769;1327.3
Dec 19, 2019;4.7618;1329.4
Dec 20, 2019;4.7674;1333.89
Dec 23, 2019;4.7763;1339.28
Dec 24, 2019;4.7763;1351.62
Dec 25, 2019;4.775;1350.94
Dec 26, 2019;4.7789;1361.18
Dec 27, 2019;4.7821;1351.24
Dec 30, 2019;4.7809;1352.59
Dec 31, 2019;4.7836;1352.78
Jan 01, 2020;4.7878;1352.68
Jan 02, 2020;4.7776;1368.35
Jan 03, 2020;4.7693;1389.77
Jan 06, 2020;4.7733;1398.09
Jan 07, 2020;4.7753;1411.17
Jan 08, 2020;4.7733;1400.69
Jan 09, 2020;4.7761;1397.62
Jan 10, 2020;4.7758;1404.21
Jan 13, 2020;4.7745;1389.66
Jan 14, 2020;4.7769;1389.01
Jan 15, 2020;4.7763;1395.19
Jan 16, 2020;4.7746;1393.54
Jan 17, 2020;4.7742;1402.99
Jan 20, 2020;4.7751;1409.48
Jan 21, 2020;4.7752;1405.4
Jan 22, 2020;4.7757;1404.7
Jan 23, 2020;4.7765;1413.31
Jan 24, 2020;4.7768;1424.11
Jan 27, 2020;4.7765;1435.28
Jan 28, 2020;4.7754;1421.59
Jan 29, 2020;4.7768;1431.49
Jan 30, 2020;4.772;1426.51
Jan 31, 2020;4.7759;1432.91
Feb 03, 2020;4.7729;1425.14
Feb 04, 2020;4.7746;1405.67
Feb 05, 2020;4.7614;1414.16
Feb 06, 2020;4.7538;1426.47
Feb 07, 2020;4.7564;1434.1
Feb 10, 2020;4.7636;1440.4
Feb 11, 2020;4.7661;1435.77
Feb 12, 2020;4.7626;1439.7
Feb 13, 2020;4.7627;1453.41
Feb 14, 2020;4.7656;1462.36
Feb 17, 2020;4.7748;1458.71
Feb 18, 2020;4.7742;1483.55
Feb 19, 2020;4.7756;1490.82
Feb 20, 2020;4.7902;1501.3
Feb 21, 2020;4.7928;1515
Feb 24, 2020;4.8003;1528.3
Feb 25, 2020;4.8057;1501.97
Feb 26, 2020;4.8051;1507.39
Feb 27, 2020;4.7997;1494.59
Feb 28, 2020;4.8108;1437.01
Mar 02, 2020;4.8059;1427.19
Mar 03, 2020;4.8016;1467.86
Mar 04, 2020;4.8018;1469.24
Mar 05, 2020;4.8077;1487.28
Mar 06, 2020;4.8027;1482.99
Mar 09, 2020;4.8206;1467.01
Mar 10, 2020;4.8183;1461.7
Mar 11, 2020;4.8159;1450.18
Mar 12, 2020;4.8207;1409.5
Mar 13, 2020;4.8227;1376.76
Mar 16, 2020;4.8349;1353.6
Mar 17, 2020;4.8455;1389.71
Mar 18, 2020;4.8612;1361.19
Mar 19, 2020;4.8442;1375.97
Mar 20, 2020;4.8452;1400.49
Mar 23, 2020;4.8466;1448.32
Mar 24, 2020;4.8342;1497.34
Mar 25, 2020;4.8302;1483.97
Mar 26, 2020;4.8298;1476.6
Mar 27, 2020;4.8326;1458.4
Mar 30, 2020;4.8278;1467.61
Mar 31, 2020;4.8276;1424.23
Apr 01, 2020;4.8272;1449.79
Apr 02, 2020;4.8302;1485.05
Apr 03, 2020;4.8294;1496.21
Apr 06, 2020;4.8278;1538.17
Apr 07, 2020;4.8294;1511.63
Apr 08, 2020;4.8302;1514.59
Apr 09, 2020;4.8288;1539.87
Apr 10, 2020;4.8287;1544.07
Apr 13, 2020;4.8294;1568.95
Apr 14, 2020;4.8289;1571.95
Apr 15, 2020;4.8282;1572.49
Apr 16, 2020;4.8336;1583.6
Apr 17, 2020;4.8309;1548.54
Apr 20, 2020;4.8312;1560.05
Apr 21, 2020;4.8349;1552.17
Apr 22, 2020;4.8374;1583.4
Apr 23, 2020;4.8377;1605.15
Apr 24, 2020;4.8336;1596.16
Apr 27, 2020;4.8372;1582.51
Apr 28, 2020;4.8396;1577.83
Apr 29, 2020;4.8388;1574.1
Apr 30, 2020;4.8364;1538.32
May 01, 2020;4.8328;1547.04
May 04, 2020;4.8257;1559.21
May 05, 2020;4.8194;1573.37
May 06, 2020;4.8201;1560.38
May 07, 2020;4.823;1583.23
May 08, 2020;4.8245;1569.21
May 11, 2020;4.8241;1568.73
May 12, 2020;4.8267;1568.66
May 13, 2020;4.8312;1585.63
May 14, 2020;4.8375;1600.77
May 15, 2020;4.8354;1609.85
May 18, 2020;4.8352;1586.73
May 19, 2020;4.8363;1595.95
May 20, 2020;4.8395;1590.86
May 21, 2020;4.8366;1576.69
May 22, 2020;4.838;1590.35
May 25, 2020;4.8385;1586.27
May 26, 2020;4.8389;1557.28
May 27, 2020;4.8375;1552.56
May 28, 2020;4.838;1550.72
May 29, 2020;4.8394;1558.12
Jun 01, 2020;4.855;1561.92
Jun 02, 2020;4.8291;1545.9
Jun 03, 2020;4.8197;1511.06
Jun 04, 2020;4.8336;1511.1
Jun 05, 2020;4.8315;1492.94
Jun 08, 2020;4.8206;1502.85
Jun 09, 2020;4.825;1511.1
Jun 10, 2020;4.8275;1528.41
Jun 11, 2020;4.8309;1528.15
Jun 12, 2020;4.8313;1536.48
Jun 15, 2020;4.8314;1522.4
Jun 16, 2020;4.8317;1532.05
Jun 17, 2020;4.832;1535.03
Jun 18, 2020;4.8359;1536.51
Jun 19, 2020;4.8372;1559.03
Jun 22, 2020;4.8398;1557.91
Jun 23, 2020;4.8386;1562.61
Jun 24, 2020;4.8365;1564.77
Jun 25, 2020;4.8363;1571.61
Jun 26, 2020;4.8383;1577.97
Jun 29, 2020;4.8399;1575.33
Jun 30, 2020;4.8337;1584.41
Jul 01, 2020;4.8418;1572.8
Jul 02, 2020;4.8301;1579.46
Jul 03, 2020;4.8348;1577.59
Jul 06, 2020;4.8353;1577.4
Jul 07, 2020;4.8333;1591.43
Jul 08, 2020;4.8369;1596.23
Jul 09, 2020;4.8352;1597.76
Jul 10, 2020;4.8381;1591.15
Jul 13, 2020;4.8392;1588.72
Jul 14, 2020;4.8391;1586.92
Jul 15, 2020;4.8393;1585.86
Jul 16, 2020;4.8399;1578.16
Jul 17, 2020;4.8322;1583.37
Jul 20, 2020;4.8368;1587.38
Jul 21, 2020;4.8367;1596.93
Jul 22, 2020;4.8314;1617.3
Jul 23, 2020;4.8294;1626.89
Jul 24, 2020;4.8265;1630.62
Jul 27, 2020;4.8258;1652.42
Jul 28, 2020;4.8289;1671.27
Jul 29, 2020;4.8306;1670.33
Jul 30, 2020;4.8263;1650.84
Jul 31, 2020;4.8286;1676.43
Aug 03, 2020;4.8293;1680.07
Aug 04, 2020;4.8292;1710.21
Aug 05, 2020;4.8284;1717.36
Aug 06, 2020;4.833;1736.61
Aug 07, 2020;4.8358;1725.71
Aug 10, 2020;4.8303;1726.59
Aug 11, 2020;4.8312;1628.07
Aug 12, 2020;4.8294;1625.91
Aug 13, 2020;4.8296;1652.5
Aug 14, 2020;4.8316;1641.06
Aug 17, 2020;4.8296;1671.97
Aug 18, 2020;4.8337;1677.36
Aug 19, 2020;4.8363;1629.09
Aug 20, 2020;4.8343;1640.59
Aug 21, 2020;4.8374;1643.72
Aug 24, 2020;4.8361;1635.69
Aug 25, 2020;4.837;1628.76
Aug 26, 2020;4.837;1650.77
Aug 27, 2020;4.8383;1631.84
Aug 28, 2020;4.836;1649.88
Aug 31, 2020;4.835;1648.14
Sep 01, 2020;4.8372;1653.51
Sep 02, 2020;4.8397;1638.18
Sep 03, 2020;4.8439;1628.66
Sep 04, 2020;4.8507;1632.95
Sep 07, 2020;4.8523;1631.97
Sep 08, 2020;4.8525;1639.51
Sep 09, 2020;4.8532;1648.59
Sep 10, 2020;4.8554;1646.82
Sep 11, 2020;4.8544;1637.15
Sep 14, 2020;4.8543;1647.8
Sep 15, 2020;4.8548;1648.95
Sep 16, 2020;4.8544;1657.74
Sep 17, 2020;4.8549;1640.5
Sep 18, 2020;4.8525;1646.58
Sep 21, 2020;4.8547;1623.96
Sep 22, 2020;4.8569;1622.26
Sep 23, 2020;4.8667;1597.31
Sep 24, 2020;4.8754;1599.14
Sep 25, 2020;4.8647;1599.65
Sep 28, 2020;4.8696;1611.44
Sep 29, 2020;4.8671;1615.26
Sep 30, 2020;4.8684;1608.57
Oct 01, 2020;4.8722;1621.53
Oct 02, 2020;4.8653;1620.07
Oct 05, 2020;4.8718;1623.17
Oct 06, 2020;4.8707;1599.65
Oct 07, 2020;4.8702;1603.78
Oct 08, 2020;4.8678;1609.88
Oct 09, 2020;4.8651;1630.87
Oct 12, 2020;4.8692;1626.31
Oct 13, 2020;4.8718;1609.52
Oct 14, 2020;4.8727;1618.28
Oct 15, 2020;4.8718;1629.62
Oct 16, 2020;4.8729;1620.21
Oct 19, 2020;4.8714;1617.77
Oct 20, 2020;4.871;1612.19
Oct 21, 2020;4.8698;1622.15
Oct 22, 2020;4.8687;1610.43
Oct 23, 2020;4.8661;1602.54
Oct 26, 2020;4.8699;1610.19
Oct 27, 2020;4.8723;1616.82
Oct 28, 2020;4.8721;1597.56
Oct 29, 2020;4.8706;1599.34
Oct 30, 2020;4.8588;1612.3
Nov 02, 2020;4.8616;1627.83
Nov 03, 2020;4.8596;1629.02
Nov 04, 2020;4.8625;1622.67
Nov 05, 2020;4.8609;1647.55
Nov 06, 2020;4.863;1643.24
Nov 09, 2020;4.8587;1576.1
Nov 10, 2020;4.8634;1587.71
Nov 11, 2020;4.8627;1583.06
Nov 12, 2020;4.8635;1589.17
Nov 13, 2020;4.864;1595.17
Nov 16, 2020;4.8692;1592.92
Nov 17, 2020;4.8692;1583.95
Nov 18, 2020;4.8694;1578.92
Nov 19, 2020;4.8688;1570.84
Nov 20, 2020;4.8639;1577.54
Nov 23, 2020;4.8696;1551.7
Nov 24, 2020;4.8665;1519.2
Nov 25, 2020;4.8678;1516.61
Nov 26, 2020;4.8697;1519.44
Nov 27, 2020;4.8697;1494.47
Nov 30, 2020;4.8726;1488.93
Dec 01, 2020;4.8678;1503.35
Dec 02, 2020;4.867;1510.35
Dec 03, 2020;4.8682;1515.35
Dec 04, 2020;4.8667;1515.68
Dec 07, 2020;4.8683;1537.52
Dec 08, 2020;4.8675;1544.32
Dec 09, 2020;4.8628;1522.13
Dec 10, 2020;4.8651;1512.51
Dec 11, 2020;4.8664;1517.98
Dec 14, 2020;4.8647;1504.01
Dec 15, 2020;4.8645;1524.55
Dec 16, 2020;4.8649;1527.98
Dec 17, 2020;4.8645;1536.34
Dec 18, 2020;4.8658;1534.11
Dec 21, 2020;4.8598;1532.33
Dec 22, 2020;4.8639;1528.72
Dec 23, 2020;4.8679;1536.16
Dec 24, 2020;4.8689;1539.08
Dec 25, 2020;4.8825;1536.55
Dec 28, 2020;4.8712;1531.84
Dec 29, 2020;4.8714;1532.9
Dec 30, 2020;4.8632;1539.87
Dec 31, 2020;4.8609;1553.65
Jan 01, 2021;4.8642;1563.38
Jan 04, 2021;4.8666;1585.24
Jan 05, 2021;4.868;1584.92
Jan 06, 2021;4.8666;1555.43
Jan 07, 2021;4.8657;1558.43
Jan 08, 2021;4.8663;1512.53
Jan 11, 2021;4.8673;1516.26
Jan 12, 2021;4.8688;1518.79
Jan 13, 2021;4.869;1517.3
Jan 14, 2021;4.8716;1517.93
Jan 15, 2021;4.872;1511.83
Jan 18, 2021;4.8698;1520.6
Jan 19, 2021;4.8705;1516.64
Jan 20, 2021;4.8699;1545.64
Jan 21, 2021;4.8694;1536.32
Jan 22, 2021;4.8715;1522.35
Jan 25, 2021;4.87;1528.25
Jan 26, 2021;4.8713;1521.47
Jan 27, 2021;4.8737;1521.99
Jan 28, 2021;4.8741;1519.5
Jan 29, 2021;4.8708;1521.04
Feb 01, 2021;4.8729;1542.25
Feb 02, 2021;4.8648;1525.19
Feb 03, 2021;4.8714;1523.34
Feb 04, 2021;4.8725;1499.03
Feb 05, 2021;4.871;1503.91
Feb 08, 2021;4.8702;1519.01
Feb 09, 2021;4.871;1515.84
Feb 10, 2021;4.8701;1520.61
Feb 11, 2021;4.8716;1504.38
Feb 12, 2021;4.8703;1504.26
Feb 15, 2021;4.8711;1498.94
Feb 16, 2021;4.8711;1481.62
Feb 17, 2021;4.8715;1474.7
Feb 18, 2021;4.8711;1467.99
Feb 19, 2021;4.8725;1470.43
Feb 22, 2021;4.8716;1488.23
Feb 23, 2021;4.872;1485.59
Feb 24, 2021;4.8671;1483.48
Feb 25, 2021;4.8727;1453.22
Feb 26, 2021;4.8726;1435.25
Mar 01, 2021;4.8737;1431.01
Mar 02, 2021;4.8724;1437.05
Mar 03, 2021;4.873;1417.74
Mar 04, 2021;4.8754;1417.25
Mar 05, 2021;4.8806;1427.02
Mar 08, 2021;4.8829;1420.41
Mar 09, 2021;4.8794;1441.46
Mar 10, 2021;4.884;1447.26
Mar 11, 2021;4.8795;1436.61
Mar 12, 2021;4.8804;1443.97
Mar 15, 2021;4.8809;1451.1
Mar 16, 2021;4.8814;1454.18
Mar 17, 2021;4.8828;1456.25
Mar 18, 2021;4.8819;1457.02
Mar 19, 2021;4.8815;1465.43
Mar 22, 2021;4.8861;1456.36
Mar 23, 2021;4.8856;1456.79
Mar 24, 2021;4.884;1467.91
Mar 25, 2021;4.8822;1467.79
Mar 26, 2021;4.8809;1468.33
Mar 29, 2021;4.9085;1454.44
Mar 30, 2021;4.9166;1437.52
Mar 31, 2021;4.9159;1455.22
Apr 01, 2021;4.9079;1467.86
Apr 02, 2021;4.9158;1469.35
Apr 05, 2021;4.9102;1462.03
Apr 06, 2021;4.9117;1467.49
Apr 07, 2021;4.9162;1463.02
Apr 08, 2021;4.9173;1473.09
Apr 09, 2021;4.9187;1464.17
Apr 12, 2021;4.9173;1454.26
Apr 13, 2021;4.9181;1459.97
Apr 14, 2021;4.9225;1448.89
Apr 15, 2021;4.9224;1472.96
Apr 16, 2021;4.9235;1481.6
Apr 19, 2021;4.9208;1471.35
Apr 20, 2021;4.9235;1477.43
Apr 21, 2021;4.922;1489.77
Apr 22, 2021;4.9234;1484.22
Apr 23, 2021;4.9203;1468.47
Apr 26, 2021;4.9174;1473.98
Apr 27, 2021;4.9248;1468.53
Apr 28, 2021;4.9236;1468.85
Apr 29, 2021;4.9235;1461.81
Apr 30, 2021;4.9214;1471.13
May 03, 2021;4.9249;1485.75
May 04, 2021;4.9247;1479.98
May 05, 2021;4.9233;1487.77
May 06, 2021;4.9232;1503.64
May 07, 2021;4.9231;1504.78
May 10, 2021;4.9239;1512.98
May 11, 2021;4.9237;1511.93
May 12, 2021;4.9247;1503.19
May 13, 2021;4.9244;1511.25
May 14, 2021;4.9196;1517.51
May 17, 2021;4.9238;1535.41
May 18, 2021;4.9227;1529.11
May 19, 2021;4.9233;1534.9
May 20, 2021;4.9245;1534.82
May 21, 2021;4.9231;1543.84
May 24, 2021;4.9214;1538.22
May 25, 2021;4.9207;1549.53
May 26, 2021;4.9132;1555.22
May 27, 2021;4.9137;1555.18
May 28, 2021;4.9149;1560.62
May 31, 2021;4.9138;1560.15
Jun 01, 2021;4.9154;1555.37
Jun 02, 2021;4.9178;1562.24
Jun 03, 2021;4.9181;1541.86
Jun 04, 2021;4.9188;1553.97
Jun 07, 2021;4.9195;1557.51
Jun 08, 2021;4.9192;1554.48
Jun 09, 2021;4.9186;1549.95
Jun 10, 2021;4.9158;1559.21
Jun 11, 2021;4.9144;1550.03
Jun 14, 2021;4.9164;1539.4
Jun 15, 2021;4.9194;1532.34
Jun 16, 2021;4.9207;1510.01
Jun 17, 2021;4.9215;1488.11
Jun 18, 2021;4.9238;1486.34
Jun 21, 2021;4.9248;1495.69
Jun 22, 2021;4.9216;1489.17
Jun 23, 2021;4.9213;1490.79
Jun 24, 2021;4.9223;1487.25
Jun 25, 2021;4.9244;1491.74
Jun 28, 2021;4.9245;1490.52
Jun 29, 2021;4.9238;1479.7
Jun 30, 2021;4.9229;1492.4
Jul 01, 2021;4.9231;1498.47
Jul 02, 2021;4.9263;1505.64
Jul 05, 2021;4.9221;1510
Jul 06, 2021;4.9228;1519.08
Jul 07, 2021;4.9232;1528.95
Jul 08, 2021;4.9239;1521.41
Jul 09, 2021;4.923;1521.92
Jul 12, 2021;4.9239;1521.95
Jul 13, 2021;4.9246;1534.52
Jul 14, 2021;4.925;1543.11
Jul 15, 2021;4.9256;1547.64
Jul 16, 2021;4.925;1533.74
Jul 19, 2021;4.9234;1535.58
Jul 20, 2021;4.9211;1535.85
Jul 21, 2021;4.9206;1528.09
Jul 22, 2021;4.9197;1534.4
Jul 23, 2021;4.9187;1529.8
Jul 26, 2021;4.9122;1522.32
Jul 27, 2021;4.9138;1521.94
Jul 28, 2021;4.9166;1525.15
Jul 29, 2021;4.9158;1537.08
Jul 30, 2021;4.9129;1527.62
Aug 02, 2021;4.9142;1527.41
Aug 03, 2021;4.9135;1525.65
Aug 04, 2021;4.9145;1530.1
Aug 05, 2021;4.9105;1523.82
Aug 06, 2021;4.9094;1499.05
Aug 09, 2021;4.9103;1472.69
Aug 10, 2021;4.9123;1474.65
Aug 11, 2021;4.9098;1491.58
Aug 12, 2021;4.9082;1493.56
Aug 13, 2021;4.9061;1508.09
Aug 16, 2021;4.9142;1516.75
Aug 17, 2021;4.9212;1524.46
Aug 18, 2021;4.9203;1525.87
Aug 19, 2021;4.9279;1523.89
Aug 20, 2021;4.9304;1522.22
Aug 23, 2021;4.9244;1536.55
Aug 24, 2021;4.9253;1533.21
Aug 25, 2021;4.9243;1520.29
Aug 26, 2021;4.9301;1524.55
Aug 27, 2021;4.9312;1540.04
Aug 30, 2021;4.9313;1533.6
Aug 31, 2021;4.9312;1534.69
Sep 01, 2021;4.9318;1531.83
Sep 02, 2021;4.9343;1522.94
Sep 03, 2021;4.9414;1537.48
Sep 06, 2021;4.9439;1535.54
Sep 07, 2021;4.9451;1514.91
Sep 08, 2021;4.9448;1513.4
Sep 09, 2021;4.9424;1516.86
Sep 10, 2021;4.9413;1512.5
Sep 13, 2021;4.9432;1518.11
Sep 14, 2021;4.9447;1528.26
Sep 15, 2021;4.9446;1516.96
Sep 16, 2021;4.9435;1489.2
Sep 17, 2021;4.9421;1495.17
Sep 20, 2021;4.9451;1503.87
Sep 21, 2021;4.9444;1512.57
Sep 22, 2021;4.9467;1512.05
Sep 23, 2021;4.946;1484.23
Sep 24, 2021;4.9442;1493.25
Sep 27, 2021;4.9447;1495.88
Sep 28, 2021;4.9459;1483.51
Sep 29, 2021;4.9419;1488.22
Sep 30, 2021;4.9447;1516
Oct 01, 2021;4.9419;1517.82
Oct 04, 2021;4.9513;1521.63
Oct 05, 2021;4.9411;1516.82
Oct 06, 2021;4.9433;1524.47
Oct 07, 2021;4.9439;1518.91
Oct 08, 2021;4.9433;1517.75
Oct 11, 2021;4.9461;1517.69
Oct 12, 2021;4.9462;1525.79
Oct 13, 2021;4.9446;1546.22
Oct 14, 2021;4.9453;1547.89
Oct 15, 2021;4.9454;1523.23
Oct 18, 2021;4.9459;1519.15
Oct 19, 2021;4.945;1520.16
Oct 20, 2021;4.941;1528.87
Oct 21, 2021;4.9423;1533.15
Oct 22, 2021;4.944;1538.49
Oct 25, 2021;4.9429;1556.58
Oct 26, 2021;4.9426;1545.64
Oct 27, 2021;4.9456;1547.61
Oct 28, 2021;4.944;1539.15
Oct 29, 2021;4.9442;1541.55
Nov 01, 2021;4.9443;1544.63
Nov 02, 2021;4.9458;1543.3
Nov 03, 2021;4.9453;1523.07
Nov 04, 2021;4.9466;1549.71
Nov 05, 2021;4.9459;1571.17
Nov 08, 2021;4.9451;1573.33
Nov 09, 2021;4.9448;1579.38
Nov 10, 2021;4.946;1610.08
Nov 11, 2021;4.9425;1625.36
Nov 12, 2021;4.9478;1627.42
Nov 15, 2021;4.9468;1637.67
Nov 16, 2021;4.945;1633.92
Nov 17, 2021;4.946;1649.28
Nov 18, 2021;4.9444;1634.12
Nov 19, 2021;4.9519;1634.24
Nov 22, 2021;4.9461;1605.44
Nov 23, 2021;4.945;1589.86
Nov 24, 2021;4.9447;1596.69
Nov 25, 2021;4.9443;1595.4
Nov 26, 2021;4.9453;1582.73
Nov 29, 2021;4.9454;1579.79
Nov 30, 2021;4.9436;1564.31
Dec 01, 2021;4.9453;1573.59
Dec 02, 2021;4.9463;1564.5
Dec 03, 2021;4.946;1576.16
Dec 06, 2021;4.9446;1575.31
Dec 07, 2021;4.9443;1582.95
Dec 08, 2021;4.9468;1571.53
Dec 09, 2021;4.9458;1571.18
Dec 10, 2021;4.9442;1575.35
Dec 13, 2021;4.945;1582.79
Dec 14, 2021;4.9454;1571.7
Dec 15, 2021;4.9434;1573.12
Dec 16, 2021;4.9455;1587.53
Dec 17, 2021;4.9461;1599.08
Dec 20, 2021;4.9461;1587.1
Dec 21, 2021;4.9434;1584.11
Dec 22, 2021;4.9453;1591.53
Dec 23, 2021;4.9466;1596.02
Dec 24, 2021;4.9448;1597.13
Dec 27, 2021;4.9465;1598.93
Dec 28, 2021;4.948;1596.31
Dec 29, 2021;4.9474;1589.05
Dec 30, 2021;4.9444;1602.16
Dec 31, 2021;4.9429;1607.8
Jan 03, 2022;4.9443;1593.64
Jan 04, 2022;4.9436;1606.69
Jan 05, 2022;4.9432;1599
Jan 06, 2022;4.9362;1584.95
Jan 07, 2022;4.9407;1580.24
Jan 10, 2022;4.9405;1590.01
Jan 11, 2022;4.9398;1602.17
Jan 12, 2022;4.9401;1595.24
Jan 13, 2022;4.9401;1590.44
Jan 14, 2022;4.9399;1591.54
Jan 17, 2022;4.9404;1594.07
Jan 18, 2022;4.9409;1600.57
Jan 19, 2022;4.9412;1621.64
Jan 20, 2022;4.9413;1625.41
Jan 21, 2022;4.9408;1616.04
Jan 24, 2022;4.9374;1626.83
Jan 25, 2022;4.9418;1634.6
Jan 26, 2022;4.9399;1618.22
Jan 27, 2022;4.9434;1611.9
Jan 28, 2022;4.9404;1606.74
Jan 31, 2022;4.9432;1598.98
Feb 01, 2022;4.9417;1597.35
Feb 02, 2022;4.9411;1597.73
Feb 03, 2022;4.9436;1576.9
Feb 04, 2022;4.9424;1578.6
Feb 07, 2022;4.9432;1590.57
Feb 08, 2022;4.9388;1599.06
Feb 09, 2022;4.9393;1603.96
Feb 10, 2022;4.9407;1597.91
Feb 11, 2022;4.9424;1638.3
Feb 14, 2022;4.9399;1654.43
Feb 15, 2022;4.9351;1631.33
Feb 16, 2022;4.9387;1643.24
Feb 17, 2022;4.9381;1670.44
Feb 18, 2022;4.9398;1675.82
Feb 21, 2022;4.9424;1684.96
Feb 22, 2022;4.9397;1675.4
Feb 23, 2022;4.9437;1686.99
Feb 24, 2022;4.9461;1699.95
Feb 25, 2022;4.9428;1674.71
Feb 28, 2022;4.9448;1700.34
Mar 01, 2022;4.9451;1747.5
Mar 02, 2022;4.9445;1733.34
Mar 03, 2022;4.9455;1748.82
Mar 04, 2022;4.9434;1801.29
Mar 07, 2022;4.9437;1839.89
Mar 08, 2022;4.9475;1879.89
Mar 09, 2022;4.9448;1797.25
Mar 10, 2022;4.9436;1816.68
Mar 11, 2022;4.9442;1819.2
Mar 14, 2022;4.9448;1782
Mar 15, 2022;4.9427;1750.15
Mar 16, 2022;4.9385;1745.5
Mar 17, 2022;4.9424;1750.91
Mar 18, 2022;4.9431;1738.11
Mar 21, 2022;4.9421;1756.66
Mar 22, 2022;4.9378;1741.47
Mar 23, 2022;4.9437;1765.95
Mar 24, 2022;4.9442;1779.61
Mar 25, 2022;4.9451;1782.24
Mar 28, 2022;4.9403;1750.04
Mar 29, 2022;4.9429;1730.44
Mar 30, 2022;4.9437;1731.2
Mar 31, 2022;4.9372;1749.11
Apr 01, 2022;4.944;1740.41
Apr 04, 2022;4.9391;1760.76
Apr 05, 2022;4.9384;1762.99
Apr 06, 2022;4.9352;1766.39
Apr 07, 2022;4.9375;1775.06
Apr 08, 2022;4.9379;1789.37
Apr 11, 2022;4.9363;1794.15
Apr 12, 2022;4.9363;1815.41
Apr 13, 2022;4.9352;1816.11
Apr 14, 2022;4.9369;1821.52
Apr 15, 2022;4.9352;1826.58
Apr 18, 2022;4.9342;1834.72
Apr 19, 2022;4.9384;1807.09
Apr 20, 2022;4.9385;1802.94
Apr 21, 2022;4.9392;1799.72
Apr 22, 2022;4.9378;1788.62
Apr 25, 2022;4.9414;1770.59
Apr 26, 2022;4.9411;1790.57
Apr 27, 2022;4.9436;1785.83
Apr 28, 2022;4.945;1803.46
Apr 29, 2022;4.9419;1798.42
May 02, 2022;4.9407;1772.84
May 03, 2022;4.943;1774.32
May 04, 2022;4.9423;1770.16
May 05, 2022;4.9451;1779.39
May 06, 2022;4.9472;1783.88
May 09, 2022;4.9405;1755.28
May 10, 2022;4.9424;1745.2
May 11, 2022;4.9441;1761.27
May 12, 2022;4.9435;1754.59
May 13, 2022;4.9414;1738.54
May 16, 2022;4.9441;1747.57
May 17, 2022;4.9441;1719.33
May 18, 2022;4.9467;1734.49
May 19, 2022;4.9459;1738.83
May 20, 2022;4.9435;1747.58
May 23, 2022;4.9429;1732.9
May 24, 2022;4.9391;1738.04
May 25, 2022;4.9381;1734.17
May 26, 2022;4.9339;1724.71
May 27, 2022;4.9358;1726.97
May 30, 2022;4.9395;1721.74
May 31, 2022;4.94;1710.8
Jun 01, 2022;4.9352;1733.09
Jun 02, 2022;4.9376;1737.48
Jun 03, 2022;4.9391;1726.3
Jun 06, 2022;4.9382;1721.01
Jun 07, 2022;4.9381;1730.08
Jun 08, 2022;4.9389;1728.8
Jun 09, 2022;4.9394;1740.06
Jun 10, 2022;4.9376;1778.81
Jun 13, 2022;4.9361;1747.22
Jun 14, 2022;4.9391;1734.71
Jun 15, 2022;4.9361;1754.63
Jun 16, 2022;4.9391;1759.94
Jun 17, 2022;4.943;1751.3
Jun 20, 2022;4.9425;1748.59
Jun 21, 2022;4.9392;1740.23
Jun 22, 2022;4.9421;1738.23
Jun 23, 2022;4.944;1730.83
Jun 24, 2022;4.9398;1729.89
Jun 27, 2022;4.9414;1721.26
Jun 28, 2022;4.9396;1728.49
Jun 29, 2022;4.9386;1740.18
Jun 30, 2022;4.9394;1722.87
Jul 01, 2022;4.9435;1735.86
Jul 04, 2022;4.9393;1735.36
Jul 05, 2022;4.9401;1718.44
Jul 06, 2022;4.9378;1706.59
Jul 07, 2022;4.939;1711.24
Jul 08, 2022;4.9375;1710.21
Jul 11, 2022;4.9363;1726.11
Jul 12, 2022;4.9397;1718.64
Jul 13, 2022;4.9372;1723.96
Jul 14, 2022;4.9372;1705.88
Jul 15, 2022;4.9356;1692.04
Jul 18, 2022;4.9346;1683.94
Jul 19, 2022;4.9361;1672.57
Jul 20, 2022;4.9309;1666.13
Jul 21, 2022;4.9321;1678.52
Jul 22, 2022;4.928;1690.12
Jul 25, 2022;4.9287;1681.58
Jul 26, 2022;4.9263;1696.67
Jul 27, 2022;4.9272;1698.92
Jul 28, 2022;4.9286;1721.31
Jul 29, 2022;4.9217;1727.24
Aug 01, 2022;4.919;1726.05
Aug 02, 2022;4.9228;1731.08
Aug 03, 2022;4.9191;1735.7
Aug 04, 2022;4.923;1747.33
Aug 05, 2022;4.9207;1742.3
Aug 08, 2022;4.8961;1753.69
Aug 09, 2022;4.8981;1755.84
Aug 10, 2022;4.9016;1739.54
Aug 11, 2022;4.8917;1733.62
Aug 12, 2022;4.8802;1755.76
Aug 15, 2022;4.8317;1750.78
Aug 16, 2022;4.8775;1744.93
Aug 17, 2022;4.8781;1730.37
Aug 18, 2022;4.8763;1742.16
Aug 19, 2022;4.8768;1738.38
Aug 22, 2022;4.8771;1745.74
Aug 23, 2022;4.8439;1752.9
Aug 24, 2022;4.857;1756.26
Aug 25, 2022;4.8663;1762.22
Aug 26, 2022;4.8643;1742.79
Aug 29, 2022;4.8613;1736.86
Aug 30, 2022;4.8629;1720.44
Aug 31, 2022;4.8414;1699.52
Sep 01, 2022;4.8361;1706.33
Sep 02, 2022;4.8075;1719.56
Sep 05, 2022;4.8194;1720.31
Sep 06, 2022;4.8405;1717.42
Sep 07, 2022;4.8498;1716.99
Sep 08, 2022;4.8761;1708.26
Sep 09, 2022;4.8945;1709.04
Sep 12, 2022;4.9091;1702.91
Sep 13, 2022;4.9186;1706.35
Sep 14, 2022;4.9225;1699.71
Sep 15, 2022;4.9194;1663.82
Sep 16, 2022;4.9194;1671.68
Sep 19, 2022;4.9242;1671.44
Sep 20, 2022;4.9381;1669.01
Sep 21, 2022;4.9393;1700.77
Sep 22, 2022;4.9355;1698.14
Sep 23, 2022;4.938;1695.37
Sep 26, 2022;4.9368;1686.6
Sep 27, 2022;4.9452;1696.63
Sep 28, 2022;4.9439;1704.1
Sep 29, 2022;4.946;1690.96
Sep 30, 2022;4.9451;1693.14
Oct 03, 2022;4.9441;1728.72
Oct 04, 2022;4.934;1727.77
Oct 05, 2022;4.9292;1735.42
Oct 06, 2022;4.9354;1746.34
Oct 07, 2022;4.936;1738.11
Oct 10, 2022;4.9336;1719.2
Oct 11, 2022;4.9317;1715.25
Oct 12, 2022;4.9355;1722.73
Oct 13, 2022;4.9326;1704.12
Oct 14, 2022;4.9293;1690.4
Oct 17, 2022;4.9314;1676.23
Oct 18, 2022;4.9282;1675.55
Oct 19, 2022;4.9165;1666.15
Oct 20, 2022;4.9121;1662.71
Oct 21, 2022;4.9095;1679.53
Oct 24, 2022;4.9077;1670.36
Oct 25, 2022;4.8948;1657.92
Oct 26, 2022;4.8626;1650.88
Oct 27, 2022;4.8925;1667.87
Oct 28, 2022;4.9186;1649.59
Oct 31, 2022;4.9081;1651.69
Nov 01, 2022;4.9029;1668.51
Nov 02, 2022;4.9038;1665.02
Nov 03, 2022;4.8977;1668.56
Nov 04, 2022;4.8846;1686.94
Nov 07, 2022;4.8841;1671.51
Nov 08, 2022;4.8939;1699.55
Nov 09, 2022;4.8904;1703.54
Nov 10, 2022;4.875;1718.69
Nov 11, 2022;4.889;1710.02
Nov 14, 2022;4.8998;1712.56
Nov 15, 2022;4.9189;1718.66
Nov 16, 2022;4.9155;1706.04
Nov 17, 2022;4.9232;1698.51
Nov 18, 2022;4.9376;1694.66
Nov 21, 2022;4.935;1695.84
Nov 22, 2022;4.9282;1688.02
Nov 23, 2022;4.932;1682.21
Nov 24, 2022;4.9155;1685.84
Nov 25, 2022;4.9147;1688.76
Nov 28, 2022;4.9181;1683.37
Nov 29, 2022;4.9136;1693.56
Nov 30, 2022;4.9253;1698.4
Dec 01, 2022;4.9271;1712.67
Dec 02, 2022;4.9191;1705.37
Dec 05, 2022;4.9139;1685.14
Dec 06, 2022;4.9099;1688.61
Dec 07, 2022;4.911;1699.69
Dec 08, 2022;4.9122;1694.09
Dec 09, 2022;4.9182;1705.54
Dec 12, 2022;4.9256;1689.95
Dec 13, 2022;4.9221;1701.92
Dec 14, 2022;4.9201;1691.22
Dec 15, 2022;4.9185;1671.64
Dec 16, 2022;4.9084;1693.12
Dec 19, 2022;4.9044;1684.4
Dec 20, 2022;4.9046;1710.18
Dec 21, 2022;4.8897;1710.17
Dec 22, 2022;4.8926;1688.49
Dec 23, 2022;4.9093;1693.28
Dec 26, 2022;4.9176;1689.65
Dec 27, 2022;4.9218;1703.19
Dec 28, 2022;4.9392;1699.59
Dec 29, 2022;4.9451;1701.71
Dec 30, 2022;4.9402;1704.09
Jan 02, 2023;4.9199;1709.82
Jan 03, 2023;4.9294;1743.51
Jan 04, 2023;4.9225;1749.6
Jan 05, 2023;4.9221;1741.75
Jan 06, 2023;4.9251;1752.32
Jan 09, 2023;4.9208;1744.14
Jan 10, 2023;4.9308;1744.99
Jan 11, 2023;4.9333;1742.09
Jan 12, 2023;4.937;1745.59
Jan 13, 2023;4.94;1772.72
Jan 16, 2023;4.9258;1772.68
Jan 17, 2023;4.9304;1768.68
Jan 18, 2023;4.9323;1763.77
Jan 19, 2023;4.9172;1783.57
Jan 20, 2023;4.9086;1774.48
Jan 23, 2023;4.9087;1775.37
Jan 24, 2023;4.9077;1779.11
Jan 25, 2023;4.8941;1781.95
Jan 26, 2023;4.872;1770.61
Jan 27, 2023;4.8942;1772.91
Jan 30, 2023;4.9059;1772.21
Jan 31, 2023;4.9156;1774.92
Feb 01, 2023;4.9052;1773.45
Feb 02, 2023;4.899;1752.17
Feb 03, 2023;4.8865;1727.81
Feb 06, 2023;4.8953;1740.4
Feb 07, 2023;4.8917;1745.54
Feb 08, 2023;4.8908;1750.43
Feb 09, 2023;4.8865;1732.6
Feb 10, 2023;4.8956;1745.61
Feb 13, 2023;4.894;1728.26
Feb 14, 2023;4.8956;1726.02
Feb 15, 2023;4.8975;1715.99
Feb 16, 2023;4.8942;1719.29
Feb 17, 2023;4.9046;1721.51
Feb 20, 2023;4.9116;1722.95
Feb 21, 2023;4.9166;1722.83
Feb 22, 2023;4.9112;1722.77
Feb 23, 2023;4.9113;1718.01
Feb 24, 2023;4.9161;1716.56
Feb 27, 2023;4.9183;1710.96
Feb 28, 2023;4.9221;1726.63
Mar 01, 2023;4.9156;1719.88
Mar 02, 2023;4.9188;1731.17
Mar 03, 2023;4.9195;1744.07
Mar 06, 2023;4.914;1729.44
Mar 07, 2023;4.9138;1718.28
Mar 08, 2023;4.9075;1719.53
Mar 09, 2023;4.9077;1729.92
Mar 10, 2023;4.913;1754.83
Mar 13, 2023;4.9153;1782.99
Mar 14, 2023;4.917;1773.9
Mar 15, 2023;4.9126;1811.92
Mar 16, 2023;4.9141;1809.59
Mar 17, 2023;4.9179;1863.05
Mar 20, 2023;4.9171;1843.65
Mar 21, 2023;4.9211;1800.97
Mar 22, 2023;4.913;1812.98
Mar 23, 2023;4.9212;1838.76
Mar 24, 2023;4.9257;1837.58
Mar 27, 2023;4.9378;1813.03
Mar 28, 2023;4.9472;1819.35
Mar 29, 2023;4.9508;1810.41
Mar 30, 2023;4.9439;1815.91
Mar 31, 2023;4.9438;1815.63
Apr 03, 2023;4.9302;1820.71
Apr 04, 2023;4.9265;1844.15
Apr 05, 2023;4.9293;1853.62
Apr 06, 2023;4.9335;1837.83
Apr 07, 2023;4.9309;1842.05
Apr 10, 2023;4.9272;1834.58
Apr 11, 2023;4.9328;1837.24
Apr 12, 2023;4.9345;1832.78
Apr 13, 2023;4.9317;1847.06
Apr 14, 2023;4.9404;1821.04
Apr 17, 2023;4.9364;1823.61
Apr 18, 2023;4.9315;1827.54
Apr 19, 2023;4.9262;1820.03
Apr 20, 2023;4.9276;1825.17
Apr 21, 2023;4.9327;1804.11
Apr 24, 2023;4.9278;1801.39
Apr 25, 2023;4.9316;1818.5
Apr 26, 2023;4.9386;1802.22
Apr 27, 2023;4.9349;1801.8
Apr 28, 2023;4.9253;1804.61
May 01, 2023;4.9031;1806.27
May 02, 2023;4.9297;1831.93
May 03, 2023;4.9234;1841.15
May 04, 2023;4.9242;1861.36
May 05, 2023;4.9241;1831.16
May 08, 2023;4.9171;1837.47
May 09, 2023;4.9146;1855.45
May 10, 2023;4.9201;1848.13
May 11, 2023;4.926;1845.36
May 12, 2023;4.9256;1852.71
May 15, 2023;4.9362;1853.77
May 16, 2023;4.945;1830.42
May 17, 2023;4.9581;1827.51
May 18, 2023;4.9705;1816.45
May 19, 2023;4.9727;1829.9
May 22, 2023;4.9673;1822.97
May 23, 2023;4.9684;1833.25
May 24, 2023;4.9585;1819.86
May 25, 2023;4.9438;1810.12
May 26, 2023;4.9523;1814.53
May 29, 2023;4.957;1814.21
May 30, 2023;4.9625;1824.56
May 31, 2023;4.9634;1834.55
Jun 01, 2023;4.9627;1836.97
Jun 02, 2023;4.9606;1818.48
Jun 05, 2023;4.9593;1830.38
Jun 06, 2023;4.9572;1835.6
Jun 07, 2023;4.9552;1812.44
Jun 08, 2023;4.9493;1824.54
Jun 09, 2023;4.9521;1823.64
Jun 12, 2023;4.9514;1819.41
Jun 13, 2023;4.9581;1800.08
Jun 14, 2023;4.9516;1792.44
Jun 15, 2023;4.9567;1788.06
Jun 16, 2023;4.9548;1788.68
Jun 19, 2023;4.9572;1785.17
Jun 20, 2023;4.9599;1773.05
Jun 21, 2023;4.9571;1758.64
Jun 22, 2023;4.9611;1744.68
Jun 23, 2023;4.9485;1762.96
Jun 26, 2023;4.9505;1761.54
Jun 27, 2023;4.9566;1744.96
Jun 28, 2023;4.9589;1747.07
Jun 29, 2023;4.9618;1755.33
Jun 30, 2023;4.9552;1758.83
Jul 03, 2023;4.9459;1760.42
Jul 04, 2023;4.9484;1769.22
Jul 05, 2023;4.9446;1763.95
Jul 06, 2023;4.9479;1754.28
Jul 07, 2023;4.9429;1754.92
Jul 10, 2023;4.9437;1749.48
Jul 11, 2023;4.9451;1754.52
Jul 12, 2023;4.9436;1757.67
Jul 13, 2023;4.9332;1745.76
Jul 14, 2023;4.9318;1740.65
Jul 17, 2023;4.9372;1740.34
Jul 18, 2023;4.9353;1761.73
Jul 19, 2023;4.9329;1764.1
Jul 20, 2023;4.9287;1769.35
Jul 21, 2023;4.9318;1762.77
Jul 24, 2023;4.9146;1765.26
Jul 25, 2023;4.9204;1776.74
Jul 26, 2023;4.9212;1778.41
Jul 27, 2023;4.9241;1771.51
Jul 28, 2023;4.9286;1778.34
Jul 31, 2023;4.9291;1786.32
Aug 01, 2023;4.9276;1769.27
Aug 02, 2023;4.931;1767.82
Aug 03, 2023;4.9425;1765.45
Aug 04, 2023;4.9421;1763.97
Aug 07, 2023;4.9481;1758.21
Aug 08, 2023;4.9449;1756.7
Aug 09, 2023;4.9421;1743.53
Aug 10, 2023;4.9396;1740.95
Aug 11, 2023;4.9311;1747.64
Aug 14, 2023;4.9371;1748.03
Aug 15, 2023;4.9369;1743.54
Aug 16, 2023;4.9321;1738.33
Aug 17, 2023;4.9375;1735.56
Aug 18, 2023;4.9387;1737.46
Aug 21, 2023;4.9333;1738.34
Aug 22, 2023;4.9328;1748.68
Aug 23, 2023;4.932;1762.89
Aug 24, 2023;4.9356;1772.25
Aug 25, 2023;4.9351;1772.13
Aug 28, 2023;4.9362;1773.5
Aug 29, 2023;4.9371;1780.18
Aug 30, 2023;4.9382;1777.03
Aug 31, 2023;4.937;1788.52
Sep 01, 2023;4.9449;1799.38
Sep 04, 2023;4.9397;1795.45
Sep 05, 2023;4.9563;1794.45
Sep 06, 2023;4.9586;1786.16
Sep 07, 2023;4.9626;1793.7
Sep 08, 2023;4.9585;1792.88
Sep 11, 2023;4.9584;1787.24
Sep 12, 2023;4.9706;1778.61
Sep 13, 2023;4.9656;1776.03
Sep 14, 2023;4.9668;1794.64
Sep 15, 2023;4.9644;1804.66
Sep 18, 2023;4.9655;1808
Sep 19, 2023;4.9664;1807.58
Sep 20, 2023;4.9676;1809.73
Sep 21, 2023;4.9665;1799.56
Sep 22, 2023;4.9652;1806.48
Sep 25, 2023;4.9646;1807.26
Sep 26, 2023;4.9675;1797.04
Sep 27, 2023;4.9709;1784.72
Sep 28, 2023;4.9673;1765.03
Sep 29, 2023;4.9682;1747.98
Oct 02, 2023;4.9694;1743.92
Oct 03, 2023;4.9722;1740.98
Oct 04, 2023;4.9708;1733.23
Oct 05, 2023;4.9658;1724.73
Oct 06, 2023;4.9635;1730.38
Oct 09, 2023;4.961;1760.61
Oct 10, 2023;4.962;1753.56
Oct 11, 2023;4.9598;1764.46
Oct 12, 2023;4.9587;1774.57
Oct 13, 2023;4.9643;1838.1
Oct 16, 2023;4.9611;1817.26
Oct 17, 2023;4.9656;1817.33
Oct 18, 2023;4.968;1846.25
Oct 19, 2023;4.9703;1864.7
Oct 20, 2023;4.9695;1869.36
Oct 23, 2023;4.9668;1848.28
Oct 24, 2023;4.9609;1860.53
Oct 25, 2023;4.9582;1873.18
Oct 26, 2023;4.9625;1878.26
Oct 27, 2023;4.9619;1898.35
Oct 30, 2023;4.9608;1879.65
Oct 31, 2023;4.9627;1874.57
Nov 01, 2023;4.9645;1874.75
Nov 02, 2023;4.9649;1868.78
Nov 03, 2023;4.9662;1856.22
Nov 06, 2023;4.9649;1844.92
Nov 07, 2023;4.9644;1839.82
Nov 08, 2023;4.9633;1820.85
Nov 09, 2023;4.9652;1835.24
Nov 10, 2023;4.9668;1812.63
Nov 13, 2023;4.9684;1818.52
Nov 14, 2023;4.9684;1804.06
Nov 15, 2023;4.9655;1805.65
Nov 16, 2023;4.9673;1825.08
Nov 17, 2023;4.9628;1814.69
Nov 20, 2023;4.9694;1807.28
Nov 21, 2023;4.9665;1830.65
Nov 22, 2023;4.9689;1827.08
Nov 23, 2023;4.9668;1826.16
Nov 24, 2023;4.9617;1829.45
Nov 27, 2023;4.9695;1839.31
Nov 28, 2023;4.9672;1855.91
Nov 29, 2023;4.9685;1862.73
Nov 30, 2023;4.9664;1870.06
Dec 01, 2023;4.9571;1902.7
Dec 04, 2023;4.9658;1872.1
Dec 05, 2023;4.9601;1869.6
Dec 06, 2023;4.9639;1881.01
Dec 07, 2023;4.9648;1878.71
Dec 08, 2023;4.9627;1861.02
Dec 11, 2023;4.9683;1840.37
Dec 12, 2023;4.9693;1833.33
Dec 13, 2023;4.9634;1863.89
Dec 14, 2023;4.9682;1851.74
Dec 15, 2023;4.9658;1852.06
Dec 18, 2023;4.9669;1853.72
Dec 19, 2023;4.9681;1857.18
Dec 20, 2023;4.9657;1855.41
Dec 21, 2023;4.9665;1857.57
Dec 22, 2023;4.9658;1863.97
Dec 25, 2023;4.9645;1864.48
Dec 26, 2023;4.9668;1871.08
Dec 27, 2023;4.9715;1870.39
Dec 28, 2023;4.9627;1866.75
Dec 29, 2023;4.97;1868.63
Jan 01, 2024;4.9709;1867.27
Jan 02, 2024;4.9654;1880.84
Jan 03, 2024;4.9688;1868.7
Jan 04, 2024;4.9711;1866.07
Jan 05, 2024;4.9684;1869.23
Jan 08, 2024;4.969;1851.17
Jan 09, 2024;4.968;1856.57
Jan 10, 2024;4.9691;1844.09
Jan 11, 2024;4.969;1849.25
Jan 12, 2024;4.9691;1870.46
Jan 15, 2024;4.9691;1875.9
Jan 16, 2024;4.9736;1864.22
Jan 17, 2024;4.9726;1842.75
Jan 18, 2024;4.9731;1859.49
Jan 19, 2024;4.9708;1861.93
Jan 22, 2024;4.972;1856.86
Jan 23, 2024;4.9733;1869.07
Jan 24, 2024;4.9732;1849.6
Jan 25, 2024;4.9742;1861.91
Jan 26, 2024;4.973;1859.19
Jan 29, 2024;4.9731;1875.73
Jan 30, 2024;4.9732;1877.37
Jan 31, 2024;4.9721;1885.16
Feb 01, 2024;4.9685;1889.27
Feb 02, 2024;4.9662;1889.68
Feb 05, 2024;4.9717;1884.4
Feb 06, 2024;4.9734;1892.82
Feb 07, 2024;4.9729;1888.48
Feb 08, 2024;4.9727;1886.8
Feb 09, 2024;4.9718;1876.65
Feb 12, 2024;4.9698;1874.63
Feb 13, 2024;4.9733;1860.59
Feb 14, 2024;4.9729;1856.72
Feb 15, 2024;4.9738;1859.44
Feb 16, 2024;4.973;1867.79
Feb 19, 2024;4.9719;1870.27
Feb 20, 2024;4.971;1872.87
Feb 21, 2024;4.9703;1872.07
Feb 22, 2024;4.973;1869.42
Feb 23, 2024;4.9712;1881.09
Feb 26, 2024;4.9685;1871.18
Feb 27, 2024;4.9623;1871.35
Feb 28, 2024;4.9645;1876.46
Feb 29, 2024;4.9661;1891.15
Mar 01, 2024;4.9633;1921.77
Mar 04, 2024;4.9695;1946.76
Mar 05, 2024;4.9688;1959.1
Mar 06, 2024;4.9674;1970.39
Mar 07, 2024;4.966;1972.05
Mar 08, 2024;4.9621;1990.23
Mar 11, 2024;4.9652;1997.27
Mar 12, 2024;4.9643;1974.86
Mar 13, 2024;4.9672;1985.6
Mar 14, 2024;4.9683;1986.08
Mar 15, 2024;4.9682;1979.2
Mar 18, 2024;4.9695;1986.15
Mar 19, 2024;4.9717;1985.02
Mar 20, 2024;4.9681;2001.27
Mar 21, 2024;4.9711;2007.98
Mar 22, 2024;4.9672;2002.95
Mar 25, 2024;4.9681;2003.44
Mar 26, 2024;4.9658;2010.74
Mar 27, 2024;4.9703;2026.27
Mar 28, 2024;4.9656;2069.86
Mar 29, 2024;4.9654;2068.16
Apr 01, 2024;4.968;2095.67
Apr 02, 2024;4.9666;2116.79
Apr 03, 2024;4.9659;2121.4
Apr 04, 2024;4.9645;2112.81
Apr 05, 2024;4.9609;2149.1
Apr 08, 2024;4.9647;2153.33
Apr 09, 2024;4.9652;2166.49
Apr 10, 2024;4.9664;2171.6
Apr 11, 2024;4.9686;2211.03
Apr 12, 2024;4.9683;2201.01
Apr 15, 2024;4.9709;2241.66
Apr 16, 2024;4.9726;2243.09
Apr 17, 2024;4.9724;2210.01
Apr 18, 2024;4.974;2234.69
Apr 19, 2024;4.9714;2243.96
Apr 22, 2024;4.9713;2183.36
Apr 23, 2024;4.9731;2169.29
Apr 24, 2024;4.9731;2163.9
Apr 25, 2024;4.9737;2172.96
Apr 26, 2024;4.9718;2185.29
Apr 29, 2024;4.9732;2177.85
Apr 30, 2024;4.971;2142.6
May 01, 2024;4.9704;2164.79
May 02, 2024;4.9727;2146.84
May 03, 2024;4.9687;2139.5
May 06, 2024;4.9663;2157.49
May 07, 2024;4.9729;2151.27
May 08, 2024;4.9722;2146.79
May 09, 2024;4.9726;2175.9
May 10, 2024;4.9718;2190.79
May 13, 2024;4.9725;2164.74
May 14, 2024;4.9724;2178.02
May 15, 2024;4.9702;2191.56
May 16, 2024;4.9716;2186.05
May 17, 2024;4.9729;2220.79
May 20, 2024;4.9706;2234.13
May 21, 2024;4.9701;2230.25
May 22, 2024;4.9714;2196.98
May 23, 2024;4.9718;2153.14
May 24, 2024;4.9702;2151.02
May 27, 2024;4.9733;2164.78
May 28, 2024;4.9708;2174.6
May 29, 2024;4.9739;2163.55
May 30, 2024;4.9744;2164.52
May 31, 2024;4.9695;2145.6
Jun 03, 2024;4.9715;2154.42
Jun 04, 2024;4.9718;2137.33
Jun 05, 2024;4.9734;2165.14
Jun 06, 2024;4.9732;2181.3
Jun 07, 2024;4.9707;2122.14
Jun 10, 2024;4.9737;2145.36
Jun 11, 2024;4.9755;2156.37
Jun 12, 2024;4.9768;2148.61
Jun 13, 2024;4.9731;2144.95
Jun 14, 2024;4.97;2179.11
Jun 17, 2024;4.9742;2159.02
Jun 18, 2024;4.9718;2168.12
Jun 19, 2024;4.9726;2164.61
Jun 20, 2024;4.9727;2204.76
Jun 21, 2024;4.9694;2170.8
Jun 24, 2024;4.9725;2173.36
Jun 25, 2024;4.9717;2164.18
Jun 26, 2024;4.9741;2149.84
Jun 27, 2024;4.9739;2174.35
Jun 28, 2024;4.9661;2170.96
Jul 01, 2024;4.9727;2169.65
Jul 02, 2024;4.9745;2167.4
Jul 03, 2024;4.9737;2183.91
Jul 04, 2024;4.9728;2179.17
Jul 05, 2024;4.9686;2206.15
Jul 08, 2024;4.9701;2178.74
Jul 09, 2024;4.9695;2185.51
Jul 10, 2024;4.9715;2189.1
Jul 11, 2024;4.9715;2221.89
Jul 12, 2024;4.9668;2210.25
Jul 15, 2024;4.9659;2223.15
Jul 16, 2024;4.9648;2264.67
Jul 17, 2024;4.9661;2246.25
Jul 18, 2024;4.9665;2244.14
Jul 19, 2024;4.9657;2206.41
Jul 22, 2024;4.9681;2199.72
Jul 23, 2024;4.9682;2218.89
Jul 24, 2024;4.9672;2211
Jul 25, 2024;4.9662;2179.33
Jul 26, 2024;4.9686;2197.8
Jul 29, 2024;4.9699;2202.63
Jul 30, 2024;4.9727;2226.59
Jul 31, 2024;4.9725;2259.89
Aug 01, 2024;4.9724;2266.89
Aug 02, 2024;4.9723;2239.12
Aug 05, 2024;4.9735;2200.68
Aug 06, 2024;4.9745;2186.41
Aug 07, 2024;4.9738;2181.53
Aug 08, 2024;4.9743;2222.96
Aug 09, 2024;4.9747;2226.73
Aug 12, 2024;4.9744;2259.22
Aug 13, 2024;4.9727;2241.94
Aug 14, 2024;4.9736;2222.28
Aug 15, 2024;4.973;2238.96
Aug 16, 2024;4.9734;2273.64
Aug 19, 2024;4.9765;2258.89
Aug 20, 2024;4.9751;2257.45
Aug 21, 2024;4.9735;2251.77
Aug 22, 2024;4.9741;2234.8
Aug 23, 2024;4.9718;2244.38
Aug 26, 2024;4.9746;2255.76
Aug 27, 2024;4.9751;2256.01
Aug 28, 2024;4.9745;2251.9
Aug 29, 2024;4.9743;2275.86
Aug 30, 2024;4.9739;2265.6
Sep 02, 2024;4.9711;2257.1
Sep 03, 2024;4.97;2256.24
Sep 04, 2024;4.9693;2251.22
Sep 05, 2024;4.9701;2264.9
Sep 06, 2024;4.9671;2252.21
Sep 09, 2024;4.9705;2270.03
Sep 10, 2024;4.9725;2282.65
Sep 11, 2024;4.9707;2280.42
Sep 12, 2024;4.9712;2310.17
Sep 13, 2024;4.9716;2327.05
Sep 16, 2024;4.9712;2318.51
Sep 17, 2024;4.9714;2311.69
Sep 18, 2024;4.9721;2301.2
Sep 19, 2024;4.9719;2317.09
Sep 20, 2024;4.9685;2348.79
Sep 23, 2024;4.9724;2364.18
Sep 24, 2024;4.9729;2376.06
Sep 25, 2024;4.9732;2386.3
Sep 26, 2024;4.973;2390.77
Sep 27, 2024;4.9731;2380.84
Sep 30, 2024;4.9724;2365.84
Oct 01, 2024;4.9734;2405.12
Oct 02, 2024;4.974;2406
Oct 03, 2024;4.9734;2407.03
Oct 04, 2024;4.9747;2416.87
Oct 07, 2024;4.9722;2406.98
Oct 08, 2024;4.9739;2386.87
Oct 09, 2024;4.9739;2383.66
Oct 10, 2024;4.9724;2403.35
Oct 11, 2024;4.9735;2427.99
Oct 14, 2024;4.9714;2427.6
Oct 15, 2024;4.9728;2443.45
Oct 16, 2024;4.9734;2459.36
Oct 17, 2024;4.9721;2485.81
Oct 18, 2024;4.9707;2504.08
Oct 21, 2024;4.9726;2513.83
Oct 22, 2024;4.9704;2544.75
Oct 23, 2024;4.9722;2516.96
Oct 24, 2024;4.9709;2525.81
Oct 25, 2024;4.9677;2544.87
Oct 28, 2024;4.9722;2535.87
Oct 29, 2024;4.971;2564.43
Oct 30, 2024;4.9721;2567.21
Oct 31, 2024;4.9722;2520.98
Nov 01, 2024;4.9704;2525.37
Nov 04, 2024;4.9722;2514.59
Nov 05, 2024;4.9726;2509.84
Nov 06, 2024;4.9733;2477.72
Nov 07, 2024;4.9735;2503.67
Nov 08, 2024;4.973;2503.75
Nov 11, 2024;4.9722;2456.06
Nov 12, 2024;4.9731;2445.41
Nov 13, 2024;4.9749;2434.93
Nov 14, 2024;4.9742;2434.61
Nov 15, 2024;4.9749;2429.53
Nov 18, 2024;4.9723;2463.14
Nov 19, 2024;4.9724;2483.39
Nov 20, 2024;4.9734;2513.45
Nov 21, 2024;4.9728;2545.58
Nov 22, 2024;4.9723;2602.75
Nov 25, 2024;4.9742;2498.77
Nov 26, 2024;4.9728;2510.1
Nov 27, 2024;4.9723;2496.01
Nov 28, 2024;4.9734;2501.62
Nov 29, 2024;4.9728;2508.55
Dec 02, 2024;4.9739;2512.65
Dec 03, 2024;4.9718;2514.85
Dec 04, 2024;4.9729;2520.56
Dec 05, 2024;4.974;2484.78
Dec 06, 2024;4.9673;2490.69
Dec 09, 2024;4.9687;2519.39
Dec 10, 2024;4.9655;2556.97
Dec 11, 2024;4.9634;2587.63
Dec 12, 2024;4.9676;2560.39
Dec 13, 2024;4.9712;2521.81
Dec 16, 2024;4.9718;2522.51
Dec 17, 2024;4.9716;2520.92
Dec 18, 2024;4.9725;2496.88
Dec 19, 2024;4.9721;2502.62
Dec 20, 2024;4.9731;2512.5
Dec 23, 2024;4.9736;2510.07
Dec 24, 2024;4.9684;2512.93
Dec 25, 2024;4.9718;2511
Dec 26, 2024;4.9709;2525.47
Dec 27, 2024;4.9755;2512.23
Dec 30, 2024;4.972;2504.26
Dec 31, 2024;4.9719;2534.1
Jan 01, 2025;4.9709;2533.13
Jan 02, 2025;4.9699;2588.93
Jan 03, 2025;4.9677;2560.02
Jan 06, 2025;4.9677;2537.12
Jan 07, 2025;4.9686;2561.43
Jan 08, 2025;4.969;2578.98
Jan 09, 2025;4.9693;2591.08
Jan 10, 2025;4.9723;2624.95
Jan 13, 2025;4.9692;2597.57
Jan 14, 2025;4.971;2596.66
Jan 15, 2025;4.9724;2620.66
Jan 16, 2025;4.9693;2635.31
Jan 17, 2025;4.974;2630.01
Jan 20, 2025;4.9734;2599.59
Jan 21, 2025;4.9744;2632.11
Jan 22, 2025;4.972;2648.29
Jan 23, 2025;4.9729;2643.88
Jan 24, 2025;4.9718;2640.54
Jan 27, 2025;4.9708;2610.17
Jan 28, 2025;4.9703;2648.67
Jan 29, 2025;4.9692;2647.87
Jan 30, 2025;4.9712;2689.49
Jan 31, 2025;4.9722;2702.36
Feb 03, 2025;4.9738;2720.7
Feb 04, 2025;4.9716;2738.11
Feb 05, 2025;4.9715;2755.5
Feb 06, 2025;4.9716;2750.1
Feb 07, 2025;4.9736;2770.19
Feb 10, 2025;4.9737;2820.8
Feb 11, 2025;4.9728;2795.75
Feb 12, 2025;4.9732;2796.72
Feb 13, 2025;4.9723;2797.56
Feb 14, 2025;4.9744;2747.27
Feb 17, 2025;4.9719;2763.36
Feb 18, 2025;4.974;2809.01
Feb 19, 2025;4.9734;2814.02
Feb 20, 2025;4.973;2798.17
Feb 21, 2025;4.9715;2806.91
Feb 24, 2025;4.9717;2820.49
Feb 25, 2025;4.9735;2771.11
Feb 26, 2025;4.9734;2781.01
Feb 27, 2025;4.9725;2765.61
Feb 28, 2025;4.9725;2754.6
Mar 03, 2025;4.9719;2756.73
Mar 04, 2025;4.9719;2744.45
Mar 05, 2025;4.9722;2704.35
Mar 06, 2025;4.9692;2699.88
Mar 07, 2025;4.9721;2687.11
Mar 10, 2025;4.9715;2664.79
Mar 11, 2025;4.9739;2669.5
Mar 12, 2025;4.9748;2693.99
Mar 13, 2025;4.9728;2753.58
Mar 14, 2025;4.9733;2742.55
Mar 17, 2025;4.974;2746.01
Mar 18, 2025;4.9729;2772.04
Mar 19, 2025;4.9724;2794.7
Mar 20, 2025;4.9713;2805.15
Mar 21, 2025;4.973;2795.5
Mar 24, 2025;4.9721;2786.91
Mar 25, 2025;4.9722;2797.16
Mar 26, 2025;4.9724;2807.3
Mar 27, 2025;4.9756;2829.57
Mar 28, 2025;4.974;2848.68
Mar 31, 2025;4.9726;2887.32
Apr 01, 2025;4.974;2884.17
Apr 02, 2025;4.9754;2885.75
Apr 03, 2025;4.9735;2818.55
Apr 04, 2025;4.9714;2772.07
Apr 07, 2025;4.9724;2735.64
Apr 08, 2025;4.9702;2721.63
Apr 09, 2025;4.9759;2814.55
Apr 10, 2025;4.9739;2835.12
Apr 11, 2025;4.975;2848.53
Apr 14, 2025;4.9727;2828.19
Apr 15, 2025;4.9715;2864.12
Apr 16, 2025;4.9724;2933.62
Apr 17, 2025;4.9713;2927.52
Apr 18, 2025;4.9747;2920.43
Apr 21, 2025;4.974;2971.97
Apr 22, 2025;4.9781;2960.39
Apr 23, 2025;4.9764;2906.05
Apr 24, 2025;4.9769;2940.15
Apr 25, 2025;4.9778;2920.9
Apr 28, 2025;4.9786;2927.68
Apr 29, 2025;4.9775;2913.57
Apr 30, 2025;4.9781;2902.87
May 01, 2025;4.9778;2870.05
